1,Pound,Normal,Physical,35,40,100
2,Karate Chop,Fighting,Physical,25,50,100
3,Double Slap,Normal,Physical,10,15,85
4,Comet Punch,Normal,Physical,15,18,85
5,Mega Punch,Normal,Physical,20,80,85
6,Pay Day,Normal,Physical,20,40,100
7,Fire Punch,Fire,Physical,15,75,100
8,Ice Punch,Ice,Physical,15,75,100
9,Thunder Punch,Electric,Physical,15,75,100
10,Scratch,Normal,Physical,35,40,100
11,Vice Grip,Normal,Physical,30,55,100
12,Guillotine,Normal,Physical,5,-1,-1
13,Razor Wind,Normal,Special,10,80,-1
14,Swords Dance,Normal,Status,20,-1,-1
15,Cut,Normal,Physical,30,50,95
16,Gust,Flying,Special,35,40,100
17,Wing Attack,Flying,Physical,35,60,100
18,Whirlwind,Normal,Status,20,-1,-1
19,Fly,Flying,Physical,15,90,95
20,Bind,Normal,Physical,20,15,-1
21,Slam,Normal,Physical,20,80,75
22,Vine Whip,Grass,Physical,25,45,100
23,Stomp,Normal,Physical,20,65,100
24,Double Kick,Fighting,Physical,30,30,100
25,Mega Kick,Normal,Physical,5,120,75
26,Jump Kick,Fighting,Physical,10,100,95
27,Rolling Kick,Fighting,Physical,15,60,85
28,Sand Attack,Ground,Status,15,-1,100
29,Headbutt,Normal,Physical,15,70,100
30,Horn Attack,Normal,Physical,25,65,100
31,Fury Attack,Normal,Physical,20,15,85
32,Horn Drill,Normal,Physical,5,-1,-1
33,Tackle,Normal,Physical,35,40,-1
34,Body Slam,Normal,Physical,15,85,100
35,Wrap,Normal,Physical,20,15,-1
36,Take Down,Normal,Physical,20,90,85
37,Thrash,Normal,Physical,10,120,100
38,Double-Edge,Normal,Physical,15,120,100
39,Tail Whip,Normal,Status,30,-1,100
40,Poison Sting,Poison,Physical,35,15,100
41,Twineedle,Bug,Physical,20,25,100
42,Pin Missile,Bug,Physical,20,25,-1
43,Leer,Normal,Status,30,-1,100
44,Bite,Dark,Physical,25,60,100
45,Growl,Normal,Status,40,-1,100
46,Roar,Normal,Status,20,-1,-1
47,Sing,Normal,Status,15,-1,55
48,Supersonic,Normal,Status,20,-1,55
49,Sonic Boom,Normal,Special,20,-1,90
50,Disable,Normal,Status,20,-1,-1
51,Acid,Poison,Special,30,40,100
52,Ember,Fire,Special,25,40,100
53,Flamethrower,Fire,Special,15,90,100
54,Mist,Ice,Status,30,-1,-1
55,Water Gun,Water,Special,25,40,100
56,Hydro Pump,Water,Special,5,110,80
57,Surf,Water,Special,15,90,100
58,Ice Beam,Ice,Special,10,90,100
59,Blizzard,Ice,Special,5,110,-1
60,Psybeam,Psychic,Special,20,65,100
61,Bubble Beam,Water,Special,20,65,100
62,Aurora Beam,Ice,Special,20,65,100
63,Hyper Beam,Normal,Special,5,150,90
64,Peck,Flying,Physical,35,35,100
65,Drill Peck,Flying,Physical,20,80,100
66,Submission,Fighting,Physical,20,80,80
67,Low Kick,Fighting,Physical,20,-1,-1
68,Counter,Fighting,Physical,20,-1,100
69,Seismic Toss,Fighting,Physical,20,-1,100
70,Strength,Normal,Physical,15,80,100
71,Absorb,Grass,Special,25,20,100
72,Mega Drain,Grass,Special,15,40,100
73,Leech Seed,Grass,Status,10,-1,90
74,Growth,Normal,Status,20,-1,-1
75,Razor Leaf,Grass,Physical,25,55,95
76,Solar Beam,Grass,Special,10,120,100
77,Poison Powder,Poison,Status,35,-1,75
78,Stun Spore,Grass,Status,30,-1,75
79,Sleep Powder,Grass,Status,15,-1,75
80,Petal Dance,Grass,Special,10,120,100
81,String Shot,Bug,Status,40,-1,95
82,Dragon Rage,Dragon,Special,10,-1,100
83,Fire Spin,Fire,Special,15,35,-1
84,Thunder Shock,Electric,Special,30,40,100
85,Thunderbolt,Electric,Special,15,90,100
86,Thunder Wave,Electric,Status,20,-1,-1
87,Thunder,Electric,Special,10,110,70
88,Rock Throw,Rock,Physical,15,50,-1
89,Earthquake,Ground,Physical,10,100,100
90,Fissure,Ground,Physical,5,-1,-1
91,Dig,Ground,Physical,10,80,100
92,Toxic,Poison,Status,10,-1,-1
93,Confusion,Psychic,Special,25,50,100
94,Psychic,Psychic,Special,10,90,100
95,Hypnosis,Psychic,Status,20,-1,-1
96,Meditate,Psychic,Status,40,-1,-1
97,Agility,Psychic,Status,30,-1,-1
98,Quick Attack,Normal,Physical,30,40,100
99,Rage,Normal,Physical,20,20,100
100,Teleport,Psychic,Status,20,-1,-1
101,Night Shade,Ghost,Special,15,-1,100
102,Mimic,Normal,Status,10,-1,-1
103,Screech,Normal,Status,40,-1,85
104,Double Team,Normal,Status,15,-1,-1
105,Recover,Normal,Status,10,-1,-1
106,Harden,Normal,Status,30,-1,-1
107,Minimize,Normal,Status,10,-1,-1
108,Smokescreen,Normal,Status,20,-1,100
109,Confuse Ray,Ghost,Status,10,-1,100
110,Withdraw,Water,Status,40,-1,-1
111,Defense Curl,Normal,Status,40,-1,-1
112,Barrier,Psychic,Status,20,-1,-1
113,Light Screen,Psychic,Status,30,-1,-1
114,Haze,Ice,Status,30,-1,-1
115,Reflect,Psychic,Status,20,-1,-1
116,Focus Energy,Normal,Status,30,-1,-1
117,Bide,Normal,Physical,10,-1,-1
118,Metronome,Normal,Status,10,-1,-1
119,Mirror Move,Flying,Status,20,-1,-1
120,Self-Destruct,Normal,Physical,5,200,100
121,Egg Bomb,Normal,Physical,10,100,75
122,Lick,Ghost,Physical,30,30,100
123,Smog,Poison,Special,20,30,70
124,Sludge,Poison,Special,20,65,100
125,Bone Club,Ground,Physical,20,65,85
126,Fire Blast,Fire,Special,5,110,85
127,Waterfall,Water,Physical,15,80,100
128,Clamp,Water,Physical,15,35,-1
129,Swift,Normal,Special,20,60,-1
130,Skull Bash,Normal,Physical,10,130,100
131,Spike Cannon,Normal,Physical,15,20,100
132,Constrict,Normal,Physical,35,10,100
133,Amnesia,Psychic,Status,20,-1,-1
134,Kinesis,Psychic,Status,15,-1,80
135,Soft-Boiled,Normal,Status,10,-1,-1
136,High Jump Kick,Fighting,Physical,10,130,90
137,Glare,Normal,Status,30,-1,-1
138,Dream Eater,Psychic,Special,15,100,100
139,Poison Gas,Poison,Status,40,-1,-1
140,Barrage,Normal,Physical,20,15,85
141,Leech Life,Bug,Physical,10,80,100
142,Lovely Kiss,Normal,Status,10,-1,75
143,Sky Attack,Flying,Physical,5,140,90
144,Transform,Normal,Status,10,-1,-1
145,Bubble,Water,Special,30,40,100
146,Dizzy Punch,Normal,Physical,10,70,100
147,Spore,Grass,Status,15,-1,100
148,Flash,Normal,Status,20,-1,-1
149,Psywave,Psychic,Special,15,-1,-1
150,Splash,Normal,Status,40,-1,-1
151,Acid Armor,Poison,Status,20,-1,-1
152,Crabhammer,Water,Physical,10,100,-1
153,Explosion,Normal,Physical,5,250,100
154,Fury Swipes,Normal,Physical,15,18,80
155,Bonemerang,Ground,Physical,10,50,90
156,Rest,Psychic,Status,10,-1,-1
157,Rock Slide,Rock,Physical,10,75,90
158,Hyper Fang,Normal,Physical,15,80,90
159,Sharpen,Normal,Status,30,-1,-1
160,Conversion,Normal,Status,30,-1,-1
161,Tri Attack,Normal,Special,10,80,100
162,Super Fang,Normal,Physical,10,-1,90
163,Slash,Normal,Physical,20,70,100
164,Substitute,Normal,Status,10,-1,-1
165,Struggle,Normal,Physical,1,50,-1
166,Sketch,Normal,Status,1,-1,-1
167,Triple Kick,Fighting,Physical,10,10,90
168,Thief,Dark,Physical,25,60,100
169,Spider Web,Bug,Status,10,-1,-1
170,Mind Reader,Normal,Status,5,-1,-1
171,Nightmare,Ghost,Status,15,-1,100
172,Flame Wheel,Fire,Physical,25,60,100
173,Snore,Normal,Special,15,50,100
174,Curse,Ghost,Status,10,-1,-1
175,Flail,Normal,Physical,15,-1,100
176,Conversion 2,Normal,Status,30,-1,-1
177,Aeroblast,Flying,Special,5,100,95
178,Cotton Spore,Grass,Status,40,-1,-1
179,Reversal,Fighting,Physical,15,-1,100
180,Spite,Ghost,Status,10,-1,100
181,Powder Snow,Ice,Special,25,40,100
182,Protect,Normal,Status,10,-1,-1
183,Mach Punch,Fighting,Physical,30,40,100
184,Scary Face,Normal,Status,10,-1,-1
185,Feint Attack,Dark,Physical,20,60,-1
186,Sweet Kiss,Fairy,Status,10,-1,75
187,Belly Drum,Normal,Status,10,-1,-1
188,Sludge Bomb,Poison,Special,10,90,100
189,Mud-Slap,Ground,Special,10,20,100
190,Octazooka,Water,Special,10,65,85
191,Spikes,Ground,Status,20,-1,-1
192,Zap Cannon,Electric,Special,5,120,50
193,Foresight,Normal,Status,40,-1,-1
194,Destiny Bond,Ghost,Status,5,-1,-1
195,Perish Song,Normal,Status,5,-1,-1
196,Icy Wind,Ice,Special,15,55,95
197,Detect,Fighting,Status,5,-1,-1
198,Bone Rush,Ground,Physical,10,25,-1
199,Lock-On,Normal,Status,5,-1,-1
200,Outrage,Dragon,Physical,10,120,100
201,Sandstorm,Rock,Status,10,-1,-1
202,Giga Drain,Grass,Special,10,75,100
203,Endure,Normal,Status,10,-1,-1
204,Charm,Fairy,Status,20,-1,100
205,Rollout,Rock,Physical,20,30,90
206,False Swipe,Normal,Physical,40,40,100
207,Swagger,Normal,Status,15,-1,-1
208,Milk Drink,Normal,Status,10,-1,-1
209,Spark,Electric,Physical,20,65,100
210,Fury Cutter,Bug,Physical,20,40,95
211,Steel Wing,Steel,Physical,25,70,90
212,Mean Look,Normal,Status,5,-1,-1
213,Attract,Normal,Status,15,-1,100
214,Sleep Talk,Normal,Status,10,-1,-1
215,Heal Bell,Normal,Status,5,-1,-1
216,Return,Normal,Physical,20,-1,100
217,Present,Normal,Physical,15,-1,90
218,Frustration,Normal,Physical,20,-1,100
219,Safeguard,Normal,Status,25,-1,-1
220,Pain Split,Normal,Status,20,-1,-1
221,Sacred Fire,Fire,Physical,5,100,95
222,Magnitude,Ground,Physical,30,-1,100
223,Dynamic Punch,Fighting,Physical,5,100,50
224,Megahorn,Bug,Physical,10,120,85
225,Dragon Breath,Dragon,Special,20,60,100
226,Baton Pass,Normal,Status,40,-1,-1
227,Encore,Normal,Status,5,-1,100
228,Pursuit,Dark,Physical,20,40,100
229,Rapid Spin,Normal,Physical,40,20,100
230,Sweet Scent,Normal,Status,20,-1,100
231,Iron Tail,Steel,Physical,15,100,75
232,Metal Claw,Steel,Physical,35,50,95
233,Vital Throw,Fighting,Physical,10,70,-1
234,Morning Sun,Normal,Status,5,-1,-1
235,Synthesis,Grass,Status,5,-1,-1
236,Moonlight,Fairy,Status,5,-1,-1
237,Hidden Power,Normal,Special,15,60,100
238,Cross Chop,Fighting,Physical,5,100,80
239,Twister,Dragon,Special,20,40,100
240,Rain Dance,Water,Status,5,-1,-1
241,Sunny Day,Fire,Status,5,-1,-1
242,Crunch,Dark,Physical,15,80,100
243,Mirror Coat,Psychic,Special,20,-1,100
244,Psych Up,Normal,Status,10,-1,-1
245,Extreme Speed,Normal,Physical,5,80,100
246,Ancient Power,Rock,Special,5,60,100
247,Shadow Ball,Ghost,Special,15,80,100
248,Future Sight,Psychic,Special,10,120,-1
249,Rock Smash,Fighting,Physical,15,40,100
250,Whirlpool,Water,Special,15,35,-1
251,Beat Up,Dark,Physical,10,-1,100
252,Fake Out,Normal,Physical,10,40,100
253,Uproar,Normal,Special,10,90,100
254,Stockpile,Normal,Status,20,-1,-1
255,Spit Up,Normal,Special,10,-1,100
256,Swallow,Normal,Status,10,-1,-1
257,Heat Wave,Fire,Special,10,95,90
258,Hail,Ice,Status,10,-1,-1
259,Torment,Dark,Status,15,-1,100
260,Flatter,Dark,Status,15,-1,100
261,Will-O-Wisp,Fire,Status,15,-1,-1
262,Memento,Dark,Status,10,-1,100
263,Facade,Normal,Physical,20,70,100
264,Focus Punch,Fighting,Physical,20,150,100
265,Smelling Salts,Normal,Physical,10,70,100
266,Follow Me,Normal,Status,20,-1,-1
267,Nature Power,Normal,Status,20,-1,-1
268,Charge,Electric,Status,20,-1,-1
269,Taunt,Dark,Status,20,-1,100
270,Helping Hand,Normal,Status,20,-1,-1
271,Trick,Psychic,Status,10,-1,100
272,Role Play,Psychic,Status,10,-1,-1
273,Wish,Normal,Status,10,-1,-1
274,Assist,Normal,Status,20,-1,-1
275,Ingrain,Grass,Status,20,-1,-1
276,Superpower,Fighting,Physical,5,120,100
277,Magic Coat,Psychic,Status,15,-1,-1
278,Recycle,Normal,Status,10,-1,-1
279,Revenge,Fighting,Physical,10,60,100
280,Brick Break,Fighting,Physical,15,75,100
281,Yawn,Normal,Status,10,-1,-1
282,Knock Off,Dark,Physical,20,65,100
283,Endeavor,Normal,Physical,5,-1,100
284,Eruption,Fire,Special,5,150,100
285,Skill Swap,Psychic,Status,10,-1,-1
286,Imprison,Psychic,Status,10,-1,-1
287,Refresh,Normal,Status,20,-1,-1
288,Grudge,Ghost,Status,5,-1,-1
289,Snatch,Dark,Status,10,-1,-1
290,Secret Power,Normal,Physical,20,70,100
291,Dive,Water,Physical,10,80,100
292,Arm Thrust,Fighting,Physical,20,15,100
293,Camouflage,Normal,Status,20,-1,-1
294,Tail Glow,Bug,Status,20,-1,-1
295,Luster Purge,Psychic,Special,5,70,100
296,Mist Ball,Psychic,Special,5,70,100
297,Feather Dance,Flying,Status,15,-1,100
298,Teeter Dance,Normal,Status,20,-1,100
299,Blaze Kick,Fire,Physical,10,85,90
300,Mud Sport,Ground,Status,15,-1,-1
301,Ice Ball,Ice,Physical,20,30,90
302,Needle Arm,Grass,Physical,15,60,100
303,Slack Off,Normal,Status,10,-1,-1
304,Hyper Voice,Normal,Special,10,90,100
305,Poison Fang,Poison,Physical,15,50,100
306,Crush Claw,Normal,Physical,10,75,95
307,Blast Burn,Fire,Special,5,150,90
308,Hydro Cannon,Water,Special,5,150,90
309,Meteor Mash,Steel,Physical,10,90,-1
310,Astonish,Ghost,Physical,15,30,100
311,Weather Ball,Normal,Special,10,50,100
312,Aromatherapy,Grass,Status,5,-1,-1
313,Fake Tears,Dark,Status,20,-1,100
314,Air Cutter,Flying,Special,25,60,95
315,Overheat,Fire,Special,5,130,90
316,Odor Sleuth,Normal,Status,40,-1,-1
317,Rock Tomb,Rock,Physical,15,60,-1
318,Silver Wind,Bug,Special,5,60,100
319,Metal Sound,Steel,Status,40,-1,85
320,Grass Whistle,Grass,Status,15,-1,55
321,Tickle,Normal,Status,20,-1,100
322,Cosmic Power,Psychic,Status,20,-1,-1
323,Water Spout,Water,Special,5,150,100
324,Signal Beam,Bug,Special,15,75,100
325,Shadow Punch,Ghost,Physical,20,60,-1
326,Extrasensory,Psychic,Special,20,80,100
327,Sky Uppercut,Fighting,Physical,15,85,90
328,Sand Tomb,Ground,Physical,15,35,-1
329,Sheer Cold,Ice,Special,5,-1,-1
330,Muddy Water,Water,Special,10,90,85
331,Bullet Seed,Grass,Physical,30,25,100
332,Aerial Ace,Flying,Physical,20,60,-1
333,Icicle Spear,Ice,Physical,30,25,100
334,Iron Defense,Steel,Status,15,-1,-1
335,Block,Normal,Status,5,-1,-1
336,Howl,Normal,Status,40,-1,-1
337,Dragon Claw,Dragon,Physical,15,80,100
338,Frenzy Plant,Grass,Special,5,150,90
339,Bulk Up,Fighting,Status,20,-1,-1
340,Bounce,Flying,Physical,5,85,85
341,Mud Shot,Ground,Special,15,55,95
342,Poison Tail,Poison,Physical,25,50,100
343,Covet,Normal,Physical,25,60,100
344,Volt Tackle,Electric,Physical,15,120,100
345,Magical Leaf,Grass,Special,20,60,-1
346,Water Sport,Water,Status,15,-1,-1
347,Calm Mind,Psychic,Status,20,-1,-1
348,Leaf Blade,Grass,Physical,15,90,100
349,Dragon Dance,Dragon,Status,20,-1,-1
350,Rock Blast,Rock,Physical,10,25,-1
351,Shock Wave,Electric,Special,20,60,-1
352,Water Pulse,Water,Special,20,60,100
353,Doom Desire,Steel,Special,5,140,-1
354,Psycho Boost,Psychic,Special,5,140,90
355,Roost,Flying,Status,10,-1,-1
356,Gravity,Psychic,Status,5,-1,-1
357,Miracle Eye,Psychic,Status,40,-1,-1
358,Wake-Up Slap,Fighting,Physical,10,70,100
359,Hammer Arm,Fighting,Physical,10,100,90
360,Gyro Ball,Steel,Physical,5,-1,100
361,Healing Wish,Psychic,Status,10,-1,-1
362,Brine,Water,Special,10,65,100
363,Natural Gift,Normal,Physical,15,-1,100
364,Feint,Normal,Physical,10,30,100
365,Pluck,Flying,Physical,20,60,100
366,Tailwind,Flying,Status,15,-1,-1
367,Acupressure,Normal,Status,30,-1,-1
368,Metal Burst,Steel,Physical,10,-1,100
369,U-turn,Bug,Physical,20,70,100
370,Close Combat,Fighting,Physical,5,120,100
371,Payback,Dark,Physical,10,50,100
372,Assurance,Dark,Physical,10,60,100
373,Embargo,Dark,Status,15,-1,100
374,Fling,Dark,Physical,10,-1,100
375,Psycho Shift,Psychic,Status,10,-1,-1
376,Trump Card,Normal,Special,5,-1,-1
377,Heal Block,Psychic,Status,15,-1,100
378,Wring Out,Normal,Special,5,-1,100
379,Power Trick,Psychic,Status,10,-1,-1
380,Gastro Acid,Poison,Status,10,-1,100
381,Lucky Chant,Normal,Status,30,-1,-1
382,Me First,Normal,Status,20,-1,-1
383,Copycat,Normal,Status,20,-1,-1
384,Power Swap,Psychic,Status,10,-1,-1
385,Guard Swap,Psychic,Status,10,-1,-1
386,Punishment,Dark,Physical,5,-1,100
387,Last Resort,Normal,Physical,5,140,100
388,Worry Seed,Grass,Status,10,-1,100
389,Sucker Punch,Dark,Physical,5,70,100
390,Toxic Spikes,Poison,Status,20,-1,-1
391,Heart Swap,Psychic,Status,10,-1,-1
392,Aqua Ring,Water,Status,20,-1,-1
393,Magnet Rise,Electric,Status,10,-1,-1
394,Flare Blitz,Fire,Physical,15,120,100
395,Force Palm,Fighting,Physical,10,60,100
396,Aura Sphere,Fighting,Special,20,80,-1
397,Rock Polish,Rock,Status,20,-1,-1
398,Poison Jab,Poison,Physical,20,80,100
399,Dark Pulse,Dark,Special,15,80,100
400,Night Slash,Dark,Physical,15,70,100
401,Aqua Tail,Water,Physical,10,90,90
402,Seed Bomb,Grass,Physical,15,80,100
403,Air Slash,Flying,Special,15,75,95
404,X-Scissor,Bug,Physical,15,80,100
405,Bug Buzz,Bug,Special,10,90,100
406,Dragon Pulse,Dragon,Special,10,85,100
407,Dragon Rush,Dragon,Physical,10,100,75
408,Power Gem,Rock,Special,20,80,100
409,Drain Punch,Fighting,Physical,10,75,100
410,Vacuum Wave,Fighting,Special,30,40,100
411,Focus Blast,Fighting,Special,5,120,70
412,Energy Ball,Grass,Special,10,90,100
413,Brave Bird,Flying,Physical,15,120,100
414,Earth Power,Ground,Special,10,90,100
415,Switcheroo,Dark,Status,10,-1,100
416,Giga Impact,Normal,Physical,5,150,90
417,Nasty Plot,Dark,Status,20,-1,-1
418,Bullet Punch,Steel,Physical,30,40,100
419,Avalanche,Ice,Physical,10,60,100
420,Ice Shard,Ice,Physical,30,40,100
421,Shadow Claw,Ghost,Physical,15,70,100
422,Thunder Fang,Electric,Physical,15,65,95
423,Ice Fang,Ice,Physical,15,65,95
424,Fire Fang,Fire,Physical,15,65,95
425,Shadow Sneak,Ghost,Physical,30,40,100
426,Mud Bomb,Ground,Special,10,65,85
427,Psycho Cut,Psychic,Physical,20,70,100
428,Zen Headbutt,Psychic,Physical,15,80,90
429,Mirror Shot,Steel,Special,10,65,85
430,Flash Cannon,Steel,Special,10,80,100
431,Rock Climb,Normal,Physical,20,90,85
432,Defog,Flying,Status,15,-1,-1
433,Trick Room,Psychic,Status,5,-1,-1
434,Draco Meteor,Dragon,Special,5,130,90
435,Discharge,Electric,Special,15,80,100
436,Lava Plume,Fire,Special,15,80,100
437,Leaf Storm,Grass,Special,5,130,90
438,Power Whip,Grass,Physical,10,120,85
439,Rock Wrecker,Rock,Physical,5,150,90
440,Cross Poison,Poison,Physical,20,70,100
441,Gunk Shot,Poison,Physical,5,120,-1
442,Iron Head,Steel,Physical,15,80,100
443,Magnet Bomb,Steel,Physical,20,60,-1
444,Stone Edge,Rock,Physical,5,100,80
445,Captivate,Normal,Status,20,-1,100
446,Stealth Rock,Rock,Status,20,-1,-1
447,Grass Knot,Grass,Special,20,-1,100
448,Chatter,Flying,Special,20,65,100
449,Judgment,Normal,Special,10,100,100
450,Bug Bite,Bug,Physical,20,60,100
451,Charge Beam,Electric,Special,10,50,90
452,Wood Hammer,Grass,Physical,15,120,100
453,Aqua Jet,Water,Physical,20,40,100
454,Attack Order,Bug,Physical,15,90,100
455,Defend Order,Bug,Status,10,-1,-1
456,Heal Order,Bug,Status,10,-1,-1
457,Head Smash,Rock,Physical,5,150,80
458,Double Hit,Normal,Physical,10,35,90
459,Roar of Time,Dragon,Special,5,150,90
460,Spacial Rend,Dragon,Special,5,100,95
461,Lunar Dance,Psychic,Status,10,-1,-1
462,Crush Grip,Normal,Physical,5,-1,100
463,Magma Storm,Fire,Special,5,100,-1
464,Dark Void,Dark,Status,10,-1,-1
465,Seed Flare,Grass,Special,5,120,85
466,Ominous Wind,Ghost,Special,5,60,100
467,Shadow Force,Ghost,Physical,5,120,100
468,Hone Claws,Dark,Status,15,-1,-1
469,Wide Guard,Rock,Status,10,-1,-1
470,Guard Split,Psychic,Status,10,-1,-1
471,Power Split,Psychic,Status,10,-1,-1
472,Wonder Room,Psychic,Status,10,-1,-1
473,Psyshock,Psychic,Special,10,80,100
474,Venoshock,Poison,Special,10,65,100
475,Autotomize,Steel,Status,15,-1,-1
476,Rage Powder,Bug,Status,20,-1,-1
477,Telekinesis,Psychic,Status,15,-1,-1
478,Magic Room,Psychic,Status,10,-1,-1
479,Smack Down,Rock,Physical,15,50,100
480,Storm Throw,Fighting,Physical,10,60,100
481,Flame Burst,Fire,Special,15,70,100
482,Sludge Wave,Poison,Special,10,95,100
483,Quiver Dance,Bug,Status,20,-1,-1
484,Heavy Slam,Steel,Physical,10,-1,100
485,Synchronoise,Psychic,Special,10,120,100
486,Electro Ball,Electric,Special,10,-1,100
487,Soak,Water,Status,20,-1,100
488,Flame Charge,Fire,Physical,20,50,100
489,Coil,Poison,Status,20,-1,-1
490,Low Sweep,Fighting,Physical,20,65,100
491,Acid Spray,Poison,Special,20,40,100
492,Foul Play,Dark,Physical,15,95,100
493,Simple Beam,Normal,Status,15,-1,100
494,Entrainment,Normal,Status,15,-1,100
495,After You,Normal,Status,15,-1,-1
496,Round,Normal,Special,15,60,100
497,Echoed Voice,Normal,Special,15,40,100
498,Chip Away,Normal,Physical,20,70,100
499,Clear Smog,Poison,Special,15,50,-1
500,Stored Power,Psychic,Special,10,20,100
501,Quick Guard,Fighting,Status,15,-1,-1
502,Ally Switch,Psychic,Status,15,-1,-1
503,Scald,Water,Special,15,80,100
504,Shell Smash,Normal,Status,15,-1,-1
505,Heal Pulse,Psychic,Status,10,-1,-1
506,Hex,Ghost,Special,10,65,100
507,Sky Drop,Flying,Physical,10,60,100
508,Shift Gear,Steel,Status,10,-1,-1
509,Circle Throw,Fighting,Physical,10,60,90
510,Incinerate,Fire,Special,15,60,100
511,Quash,Dark,Status,15,-1,100
512,Acrobatics,Flying,Physical,15,55,100
513,Reflect Type,Normal,Status,15,-1,-1
514,Retaliate,Normal,Physical,5,70,100
515,Final Gambit,Fighting,Special,5,-1,100
516,Bestow,Normal,Status,15,-1,-1
517,Inferno,Fire,Special,5,100,50
518,Water Pledge,Water,Special,10,80,100
519,Fire Pledge,Fire,Special,10,80,100
520,Grass Pledge,Grass,Special,10,80,100
521,Volt Switch,Electric,Special,20,70,100
522,Struggle Bug,Bug,Special,20,50,100
523,Bulldoze,Ground,Physical,20,60,100
524,Frost Breath,Ice,Special,10,60,90
525,Dragon Tail,Dragon,Physical,10,60,90
526,Work Up,Normal,Status,30,-1,-1
527,Electroweb,Electric,Special,15,55,95
528,Wild Charge,Electric,Physical,15,90,100
529,Drill Run,Ground,Physical,10,80,95
530,Dual Chop,Dragon,Physical,15,40,90
531,Heart Stamp,Psychic,Physical,25,60,100
532,Horn Leech,Grass,Physical,10,75,100
533,Sacred Sword,Fighting,Physical,15,90,100
534,Razor Shell,Water,Physical,10,75,95
535,Heat Crash,Fire,Physical,10,-1,100
536,Leaf Tornado,Grass,Special,10,65,90
537,Steamroller,Bug,Physical,20,65,100
538,Cotton Guard,Grass,Status,10,-1,-1
539,Night Daze,Dark,Special,10,85,95
540,Psystrike,Psychic,Special,10,100,100
541,Tail Slap,Normal,Physical,10,25,85
542,Hurricane,Flying,Special,10,110,70
543,Head Charge,Normal,Physical,15,120,100
544,Gear Grind,Steel,Physical,15,50,85
545,Searing Shot,Fire,Special,5,100,100
546,Techno Blast,Normal,Special,5,120,100
547,Relic Song,Normal,Special,10,75,100
548,Secret Sword,Fighting,Special,10,85,100
549,Glaciate,Ice,Special,10,65,95
550,Bolt Strike,Electric,Physical,5,130,85
551,Blue Flare,Fire,Special,5,130,85
552,Fiery Dance,Fire,Special,10,80,100
553,Freeze Shock,Ice,Physical,5,140,90
554,Ice Burn,Ice,Special,5,140,90
555,Snarl,Dark,Special,15,55,95
556,Icicle Crash,Ice,Physical,10,85,90
557,V-create,Fire,Physical,5,180,95
558,Fusion Flare,Fire,Special,5,100,100
559,Fusion Bolt,Electric,Physical,5,100,100
560,Flying Press,Fighting,Physical,10,100,95
561,Mat Block,Fighting,Status,10,-1,-1
562,Belch,Poison,Special,10,120,90
563,Rototiller,Ground,Status,10,-1,-1
564,Sticky Web,Bug,Status,20,-1,-1
565,Fell Stinger,Bug,Physical,25,50,100
566,Phantom Force,Ghost,Physical,10,90,100
567,Trick-or-Treat,Ghost,Status,20,-1,100
568,Noble Roar,Normal,Status,30,-1,100
569,Ion Deluge,Electric,Status,25,-1,-1
570,Parabolic Charge,Electric,Special,20,65,100
571,Forest's Curse,Grass,Status,20,-1,100
572,Petal Blizzard,Grass,Physical,15,90,100
573,Freeze-Dry,Ice,Special,20,70,100
574,Disarming Voice,Fairy,Special,15,40,-1
575,Parting Shot,Dark,Status,20,-1,100
576,Topsy-Turvy,Dark,Status,20,-1,-1
577,Draining Kiss,Fairy,Special,10,50,100
578,Crafty Shield,Fairy,Status,10,-1,-1
579,Flower Shield,Fairy,Status,10,-1,-1
580,Grassy Terrain,Grass,Status,10,-1,-1
581,Misty Terrain,Fairy,Status,10,-1,-1
582,Electrify,Electric,Status,20,-1,-1
583,Play Rough,Fairy,Physical,10,90,90
584,Fairy Wind,Fairy,Special,30,40,100
585,Moonblast,Fairy,Special,15,95,100
586,Boomburst,Normal,Special,10,140,100
587,Fairy Lock,Fairy,Status,10,-1,-1
588,King's Shield,Steel,Status,10,-1,-1
589,Play Nice,Normal,Status,20,-1,-1
590,Confide,Normal,Status,20,-1,-1
591,Diamond Storm,Rock,Physical,5,100,95
592,Steam Eruption,Water,Special,5,110,95
593,Hyperspace Hole,Psychic,Special,5,80,-1
594,Water Shuriken,Water,Special,20,15,100
595,Mystical Fire,Fire,Special,10,75,100
596,Spiky Shield,Grass,Status,10,-1,-1
597,Aromatic Mist,Fairy,Status,20,-1,-1
598,Eerie Impulse,Electric,Status,15,-1,100
599,Venom Drench,Poison,Status,20,-1,100
600,Powder,Bug,Status,20,-1,100
601,Geomancy,Fairy,Status,10,-1,-1
602,Magnetic Flux,Electric,Status,20,-1,-1
603,Happy Hour,Normal,Status,30,-1,-1
604,Electric Terrain,Electric,Status,10,-1,-1
605,Dazzling Gleam,Fairy,Special,10,80,100
606,Celebrate,Normal,Status,40,-1,-1
607,Hold Hands,Normal,Status,40,-1,-1
608,Baby-Doll Eyes,Fairy,Status,30,-1,100
609,Nuzzle,Electric,Physical,20,20,100
610,Hold Back,Normal,Physical,40,40,100
611,Infestation,Bug,Special,20,20,100
612,Power-Up Punch,Fighting,Physical,20,40,100
613,Oblivion Wing,Flying,Special,10,80,100
614,Thousand Arrows,Ground,Physical,10,90,100
615,Thousand Waves,Ground,Physical,10,90,100
616,Land's Wrath,Ground,Physical,10,90,100
617,Light of Ruin,Fairy,Special,5,140,90
618,Origin Pulse,Water,Special,10,110,85
619,Precipice Blades,Ground,Physical,10,120,85
620,Dragon Ascent,Flying,Physical,5,120,100
621,Hyperspace Fury,Dark,Physical,5,100,-1
622,Breakneck Blitz,Normal,Physical,1,-1,-1
623,Breakneck Blitz,Normal,Special,1,-1,-1
624,All-Out Pummeling,Fighting,Physical,1,-1,-1
625,All-Out Pummeling,Fighting,Special,1,-1,-1
626,Supersonic Skystrike,Flying,Physical,1,-1,-1
627,Supersonic Skystrike,Flying,Special,1,-1,-1
628,Acid Downpour,Poison,Physical,1,-1,-1
629,Acid Downpour,Poison,Special,1,-1,-1
630,Tectonic Rage,Ground,Physical,1,-1,-1
631,Tectonic Rage,Ground,Special,1,-1,-1
632,Continental Crush,Rock,Physical,1,-1,-1
633,Continental Crush,Rock,Special,1,-1,-1
634,Savage Spin-Out,Bug,Physical,1,-1,-1
635,Savage Spin-Out,Bug,Special,1,-1,-1
636,Never-Ending Nightmare,Ghost,Physical,1,-1,-1
637,Never-Ending Nightmare,Ghost,Special,1,-1,-1
638,Corkscrew Crash,Steel,Physical,1,-1,-1
639,Corkscrew Crash,Steel,Special,1,-1,-1
640,Inferno Overdrive,Fire,Physical,1,-1,-1
641,Inferno Overdrive,Fire,Special,1,-1,-1
642,Hydro Vortex,Water,Physical,1,-1,-1
643,Hydro Vortex,Water,Special,1,-1,-1
644,Bloom Doom,Grass,Physical,1,-1,-1
645,Bloom Doom,Grass,Special,1,-1,-1
646,Gigavolt Havoc,Electric,Physical,1,-1,-1
647,Gigavolt Havoc,Electric,Special,1,-1,-1
648,Shattered Psyche,Psychic,Physical,1,-1,-1
649,Shattered Psyche,Psychic,Special,1,-1,-1
650,Subzero Slammer,Ice,Physical,1,-1,-1
651,Subzero Slammer,Ice,Special,1,-1,-1
652,Devastating Drake,Dragon,Physical,1,-1,-1
653,Devastating Drake,Dragon,Special,1,-1,-1
654,Black Hole Eclipse,Dark,Physical,1,-1,-1
655,Black Hole Eclipse,Dark,Special,1,-1,-1
656,Twinkle Tackle,Fairy,Physical,1,-1,-1
657,Twinkle Tackle,Fairy,Special,1,-1,-1
658,Catastropika,Electric,Physical,1,210,-1
659,Shore Up,Ground,Status,10,-1,-1
660,First Impression,Bug,Physical,10,90,100
661,Baneful Bunker,Poison,Status,10,-1,-1
662,Spirit Shackle,Ghost,Physical,10,80,100
663,Darkest Lariat,Dark,Physical,10,85,100
664,Sparkling Aria,Water,Special,10,90,100
665,Ice Hammer,Ice,Physical,10,100,90
666,Floral Healing,Fairy,Status,10,-1,-1
667,High Horsepower,Ground,Physical,10,95,95
668,Strength Sap,Grass,Status,10,-1,100
669,Solar Blade,Grass,Physical,10,125,100
670,Leafage,Grass,Physical,40,40,100
671,Spotlight,Normal,Status,15,-1,-1
672,Toxic Thread,Poison,Status,20,-1,100
673,Laser Focus,Normal,Status,30,-1,-1
674,Gear Up,Steel,Status,20,-1,-1
675,Throat Chop,Dark,Physical,15,80,100
676,Pollen Puff,Bug,Special,15,90,100
677,Anchor Shot,Steel,Physical,20,80,100
678,Psychic Terrain,Psychic,Status,10,-1,-1
679,Lunge,Bug,Physical,15,80,100
680,Fire Lash,Fire,Physical,15,80,100
681,Power Trip,Dark,Physical,10,20,100
682,Burn Up,Fire,Special,5,130,100
683,Speed Swap,Psychic,Status,10,-1,-1
684,Smart Strike,Steel,Physical,10,70,-1
685,Purify,Poison,Status,20,-1,-1
686,Revelation Dance,Normal,Special,15,90,100
687,Core Enforcer,Dragon,Special,10,100,100
688,Trop Kick,Grass,Physical,15,70,100
689,Instruct,Psychic,Status,15,-1,-1
690,Beak Blast,Flying,Physical,15,100,100
691,Clanging Scales,Dragon,Special,5,110,100
692,Dragon Hammer,Dragon,Physical,15,90,100
693,Brutal Swing,Dark,Physical,20,60,100
694,Aurora Veil,Ice,Status,20,-1,-1
695,Sinister Arrow Raid,Ghost,Physical,1,180,-1
696,Malicious Moonsault,Dark,Physical,1,180,-1
697,Oceanic Operetta,Water,Special,1,195,-1
698,Guardian of Alola,Fairy,Special,1,-1,-1
699,Soul-Stealing 7-Star Strike,Ghost,Physical,1,195,-1
700,Stoked Sparksurfer,Electric,Special,1,175,-1
701,Pulverizing Pancake,Normal,Physical,1,210,-1
702,Extreme Evoboost,Normal,Status,1,-1,-1
703,Genesis Supernova,Psychic,Special,1,185,-1
704,Shell Trap,Fire,Special,5,150,100
705,Fleur Cannon,Fairy,Special,5,130,90
706,Psychic Fangs,Psychic,Physical,10,85,100
707,Stomping Tantrum,Ground,Physical,10,75,100
708,Shadow Bone,Ghost,Physical,10,85,100
709,Accelerock,Rock,Physical,20,40,100
710,Liquidation,Water,Physical,10,85,100
711,Prismatic Laser,Psychic,Special,10,160,100
712,Spectral Thief,Ghost,Physical,10,90,100
713,Sunsteel Strike,Steel,Physical,5,100,100
714,Moongeist Beam,Ghost,Special,5,100,100
715,Tearful Look,Normal,Status,20,-1,-1
716,Zing Zap,Electric,Physical,10,80,100
717,Nature's Madness,Fairy,Special,10,-1,90
718,Multi-Attack,Normal,Physical,10,90,100
719,"10,000,000 Volt Thunderbolt",Electric,Special,1,195,-1
720,Mind Blown,Fire,Special,5,150,100
721,Plasma Fists,Electric,Physical,15,100,100
722,Photon Geyser,Psychic,Special,5,100,100
723,Light That Burns the Sky,Psychic,Special,1,200,-1
724,Searing Sunraze Smash,Steel,Special,1,200,-1
725,Menacing Moonraze Maelstrom,Ghost,Special,1,200,-1
726,Let's Snuggle Forever,Fairy,Physical,1,190,-1
727,Splintered Stormshards,Rock,Physical,1,190,-1
728,Clangorous Soulblaze,Dragon,Special,1,185,-1
